first name, last name, email, phone number
serigo, toromanides,serigo.toromanides@state.gov,+1 (785) 641-1699
jarreth, racilis,jarreth.racilis@intuit.com,+1 (715) 484-8355
maricus, ohmann,maricus.ohmann@voc.com.cn,+1 (636) 702-6510
avrai, fulara,avrai.fulara@mega.co.nz,+1 (281) 931-6284
benjamim, schron,benjamim.schron@imgur.com,+1 (415) 641-2480
clark, beranek,clark.beranek@hamariweb.com,+1 (551) 804-7481
lacedric, rymar,lacedric.rymar@giphy.com,+1 (432) 429-3136
dailon, hedlin,dailon.hedlin@zhihu.com,+1 (209) 420-4501
wilmon, boyatt,wilmon.boyatt@topix.com,+1 (321) 860-1049
frazier, jefferies,frazier.jefferies@yomiuri.co.jp,+1 (667) 181-9678
jaspar, bunck,jaspar.bunck@kat.cr,+1 (564) 362-9844
shanta, apostolidis,shanta.apostolidis@businessinsider.com,+1 (571) 435-8749
cheyney, gebben,cheyney.gebben@wikiwiki.jp,+1 (505) 640-2438
natan, puschel,natan.puschel@gyazo.com,+1 (931) 126-4130
renis, jandrey,renis.jandrey@emol.com,+1 (641) 262-4543
denahi, wideman,denahi.wideman@huffingtonpost.com,+1 (509) 743-8289
shown, heezen,shown.heezen@jimdo.com,+1 (304) 332-5450
karandeep, derrough,karandeep.derrough@softonic.com,+1 (316) 720-5058
kevonn, loconti,kevonn.loconti@facebook.com,+1 (557) 168-1570
berj, fannell,berj.fannell@openload.co,+1 (412) 810-6931
larken, kelder,larken.kelder@huanqiu.com,+1 (617) 938-8180
hudhayfah, surbrook,hudhayfah.surbrook@trello.com,+1 (404) 727-8725
severen, wissner,severen.wissner@makemytrip.com,+1 (351) 171-8295
nakhai, siebenberg,nakhai.siebenberg@infoseek.co.jp,+1 (347) 858-7160
brighton, maniti,brighton.maniti@google.rs,+1 (878) 948-4392
elin, lucic,elin.lucic@jin115.com,+1 (786) 397-3196
jahniel, mcnany,jahniel.mcnany@office.com,+1 (656) 570-4774
pax, railey,pax.railey@wsj.com,+1 (689) 849-2840
ericmichael, majcher,ericmichael.majcher@fiverr.com,+1 (865) 583-3620
khup, ciarke,khup.ciarke@liveinternet.ru,+1 (302) 887-2597
kiarn, polintan,kiarn.polintan@google.kz,+1 (940) 818-3499
jorden, savva,jorden.savva@ebay-kleinanzeigen.de,+1 (402) 748-2144
kerry, moni,kerry.moni@prjcq.com,+1 (614) 880-3672
jaqaun, lotan,jaqaun.lotan@blog.jp,+1 (610) 217-3982
matvii, pacini,matvii.pacini@51.la,+1 (786) 221-5755
nhan, socias,nhan.socias@goodreads.com,+1 (703) 172-5147
dawood, sicard,dawood.sicard@gmarket.co.kr,+1 (582) 526-9751
summer, chhay,summer.chhay@douyu.com,+1 (272) 950-6605
harumi, scro,harumi.scro@eroterest.net,+1 (216) 373-4128
tyrec, grills,tyrec.grills@google.com.pk,+1 (770) 448-4647
vern, epperson,vern.epperson@chaturbate.com,+1 (907) 642-1584
nikki, chalas,nikki.chalas@diep.io,+1 (308) 636-8302
priansh, sowa,priansh.sowa@mataharimall.com,+1 (832) 597-8776
adrees, suchsland,adrees.suchsland@google.com.do,+1 (212) 366-1895
bralen, reamy,bralen.reamy@staples.com,+1 (336) 744-1927
isreal, mguyen,isreal.mguyen@life.tw,+1 (310) 421-4963
alco, mayuga,alco.mayuga@google.pl,+1 (206) 933-3831
csanad, sui,csanad.sui@webex.com,+1 (574) 697-1189
jacquelyn, pinault,jacquelyn.pinault@doorblog.jp,+1 (239) 329-7636
katrell, drushel,katrell.drushel@google.ch,+1 (602) 540-5867
aadhavan, mitchem,aadhavan.mitchem@haosou.com,+1 (772) 507-7084
kensen, stanchik,kensen.stanchik@theguardian.com,+1 (816) 304-6813
irvin, paciolla,irvin.paciolla@marktplaats.nl,+1 (216) 835-8112
alexy, chambley,alexy.chambley@softonic.com,+1 (408) 444-9440
jamear, casaus,jamear.casaus@skype.com,+1 (715) 601-4848
reyez, seidl,reyez.seidl@olx.com.br,+1 (363) 130-9226
killua, leep,killua.leep@amazon.in,+1 (223) 271-2408
seon, gutreuter,seon.gutreuter@twoo.com,+1 (386) 204-9481
trooper, stanwood,trooper.stanwood@tmall.com,+1 (954) 872-2160
thys, cunninham,thys.cunninham@intuit.com,+1 (810) 150-7759
emani, dolny,emani.dolny@verizon.com,+1 (217) 816-6153
abraham, figueras,abraham.figueras@thedailybeast.com,+1 (623) 131-5926
audey, dairo,audey.dairo@google.az,+1 (936) 322-8310
iyad, delizo,iyad.delizo@scribd.com,+1 (938) 585-2143
aayaan, adix,aayaan.adix@nba.com,+1 (937) 706-1351
heydon, slucher,heydon.slucher@homedepot.com,+1 (870) 227-8277
artavion, rosenbloom,artavion.rosenbloom@ryanair.com,+1 (336) 920-5513
charis, newitt,charis.newitt@houzz.com,+1 (908) 151-7688
ethanmichael, kobylanski,ethanmichael.kobylanski@redirectvoluum.com,+1 (915) 259-6925
buel, twelves,buel.twelves@chaoshi.tmall.com,+1 (650) 116-6704
tisean, movius,tisean.movius@17ok.com,+1 (815) 988-8817
pransh, silberhorn,pransh.silberhorn@mynet.com,+1 (757) 417-9946
pam, armknecht,pam.armknecht@mapquest.com,+1 (479) 857-5191
anar, boddicker,anar.boddicker@trello.com,+1 (980) 994-2540
yani, cleaton,yani.cleaton@meaww.com,+1 (769) 798-9067
eliazar, oberle,eliazar.oberle@mercadolibre.com.mx,+1 (616) 246-8199
sankeerth, vijayaraghavan,sankeerth.vijayaraghavan@nextdoor.com,+1 (314) 741-3981
karmel, langholz,karmel.langholz@onclickads.net,+1 (260) 430-9823
suede, mcginnity,suede.mcginnity@extratorrent.cc,+1 (314) 693-3876
jelan, armenti,jelan.armenti@china.com,+1 (805) 836-4247
xzayden, hindsley,xzayden.hindsley@gazeta.pl,+1 (225) 341-1855
esca, enzinna,esca.enzinna@coccoc.com,+1 (959) 575-1380
alante, vervoort,alante.vervoort@gawker.com,+1 (575) 541-4510
ovel, wehlage,ovel.wehlage@akamaihd.net,+1 (239) 494-2730
carmi, furnas,carmi.furnas@zulily.com,+1 (317) 993-6231
juliun, romond,juliun.romond@shopify.com,+1 (409) 283-3761
jovohn, blauvelt,jovohn.blauvelt@xywy.com,+1 (843) 907-2472
dahnish, harrill,dahnish.harrill@slither.io,+1 (936) 985-2554
georgiy, sporleder,georgiy.sporleder@ikea.com,+1 (769) 265-8201
jolyon, nannen,jolyon.nannen@aparat.com,+1 (203) 374-7043
oscor, hendrickson,oscor.hendrickson@acunn.com,+1 (914) 859-5917
nysaiah, taylorjohnson,nysaiah.taylorjohnson@onedio.com,+1 (562) 495-4193
omarion, arthurs,omarion.arthurs@libero.it,+1 (919) 823-5812
eliyas, lieck,eliyas.lieck@chouftv.ma,+1 (725) 199-9582
afaan, lempert,afaan.lempert@prezi.com,+1 (321) 906-7218
jayce, viviani,jayce.viviani@abril.com.br,+1 (574) 903-2786
artemus, latini,artemus.latini@pcmag.com,+1 (351) 152-1571
rari, modzelewski,rari.modzelewski@asana.com,+1 (715) 353-5352
nashoba, ohanlon,nashoba.ohanlon@google.com.ec,+1 (805) 365-1390
antonie, glavey,antonie.glavey@weather.com,+1 (210) 858-9833
junad, spanfellner,junad.spanfellner@quanjing.com,+1 (440) 793-5387
toland, poznanski,toland.poznanski@drudgereport.com,+1 (234) 767-2988
alene, hubrich,alene.hubrich@so.com,+1 (762) 422-8961
ajai, viator,ajai.viator@123movies.to,+1 (801) 344-5371
myrton, rubright,myrton.rubright@discover.com,+1 (323) 746-2480
decario, farnsley,decario.farnsley@yandex.com.tr,+1 (572) 810-2804
ossama, mazhari,ossama.mazhari@aliexpress.com,+1 (479) 929-3128
umi, sitka,umi.sitka@okcupid.com,+1 (802) 234-7703
markuz, tritz,markuz.tritz@steampowered.com,+1 (472) 482-7112
bamlak, naso,bamlak.naso@google.com.br,+1 (351) 535-6866
mateja, gogol,mateja.gogol@gamespot.com,+1 (586) 580-5964
genard, pfluke,genard.pfluke@livedoor.com,+1 (302) 433-1620
john-william, lens,john-william.lens@nba.com,+1 (941) 909-8953
denislav, frevert,denislav.frevert@savefrom.net,+1 (351) 322-1962
brevyn, synakowski,brevyn.synakowski@tianya.cn,+1 (308) 989-9420
enok, bisnauth,enok.bisnauth@mediafire.com,+1 (701) 864-4404
maajid, langloss,maajid.langloss@ero-video.net,+1 (848) 557-6994
brentton, ashenhurst,brentton.ashenhurst@fitbit.com,+1 (215) 627-9495
yacoub, scarabino,yacoub.scarabino@life.tw,+1 (775) 615-4157
edward-james, mayar,edward-james.mayar@salesforce.com,+1 (865) 640-4242
sidahmed, bluebird,sidahmed.bluebird@quora.com,+1 (407) 926-7889
jibreal, andersen,jibreal.andersen@live.com,+1 (582) 180-4613
mccai, digiorgi,mccai.digiorgi@amazon.cn,+1 (240) 561-1763
luie, shelat,luie.shelat@souq.com,+1 (843) 525-4539
melchor, sjolund,melchor.sjolund@enet.com.cn,+1 (716) 272-7277
lameer, kachadoorian,lameer.kachadoorian@yaolan.com,+1 (704) 234-2780
jeremia, malichi,jeremia.malichi@lemonde.fr,+1 (309) 239-7690
blessyn, amendola,blessyn.amendola@speedtest.net,+1 (415) 133-8004
dorse, mak,dorse.mak@kooora.com,+1 (701) 348-1463
lochland, cuffy,lochland.cuffy@gazeta.pl,+1 (281) 155-3404
joo, belansky,joo.belansky@behance.net,+1 (681) 929-5237
behnam, uhlenbrock,behnam.uhlenbrock@nametests.com,+1 (903) 952-8224
priam, doorenbos,priam.doorenbos@hatena.ne.jp,+1 (769) 223-8205
treron, polera,treron.polera@tokopedia.com,+1 (858) 967-1272
artis, budhathoki,artis.budhathoki@sears.com,+1 (628) 840-6036
byron, bomstad,byron.bomstad@united.com,+1 (651) 643-6773
dyland, tannhauser,dyland.tannhauser@uptobox.com,+1 (228) 348-9654
granger, firch,granger.firch@pinterest.com,+1 (724) 945-4571
gracian, piersma,gracian.piersma@xvideos.com,+1 (573) 691-3499
joviah, youngblood,joviah.youngblood@vk.com,+1 (253) 610-7750
denaro, rosenwinkel,denaro.rosenwinkel@taleo.net,+1 (680) 350-4420
keeper, roggy,keeper.roggy@usaa.com,+1 (803) 659-8022
maycen, staffieri,maycen.staffieri@gameforge.com,+1 (607) 895-7525
derryl, deans,derryl.deans@disqus.com,+1 (713) 378-9016
darth, wesoloski,darth.wesoloski@slideshare.net,+1 (312) 439-6298
jahmali, mchugo,jahmali.mchugo@coursera.org,+1 (979) 571-2292
birdie, laun,birdie.laun@internethaber.com,+1 (815) 254-9103
reyd, krasky,reyd.krasky@jrj.com.cn,+1 (640) 403-4090
kayceon, amshoff,kayceon.amshoff@eksisozluk.com,+1 (872) 580-2783
danyel, mrowczynski,danyel.mrowczynski@cloudfront.net,+1 (919) 436-5640
nirved, lauffer,nirved.lauffer@mapquest.com,+1 (810) 212-6356
lyal, brechin,lyal.brechin@milanuncios.com,+1 (319) 597-5028
gabriel, kosky,gabriel.kosky@spotify.com,+1 (508) 852-5475
leosvel, rajek,leosvel.rajek@duowan.com,+1 (515) 970-1624
dreighton, livoti,dreighton.livoti@babytree.com,+1 (401) 414-1660
ikea, vara,ikea.vara@tudou.com,+1 (337) 304-1491
jaskaran, dubay,jaskaran.dubay@google.at,+1 (315) 747-1326
jociah, letze,jociah.letze@kinopoisk.ru,+1 (301) 672-5464
braxdyn, brindel,braxdyn.brindel@lapatilla.com,+1 (458) 140-4324
callem, benedik,callem.benedik@goodreads.com,+1 (430) 223-7810
shreeyan, dirusso,shreeyan.dirusso@impress.co.jp,+1 (551) 788-2973
thys, rahuba,thys.rahuba@google.co.uk,+1 (270) 166-4296
gaither, salsido,gaither.salsido@reddituploads.com,+1 (850) 656-1160
gabrielalexande, camelio,gabrielalexande.camelio@wattpad.com,+1 (659) 409-1642
sashank, navara,sashank.navara@speedtest.net,+1 (918) 241-8839
boyde, consuelos,boyde.consuelos@mbc.net,+1 (838) 519-9311
mauro, rilling,mauro.rilling@ebay-kleinanzeigen.de,+1 (704) 199-3542
alexey, tuckman,alexey.tuckman@jin115.com,+1 (713) 661-2600
tesfa, buechel,tesfa.buechel@thethao247.vn,+1 (209) 801-2723
taw, ortinau,taw.ortinau@indiamart.com,+1 (321) 155-5778
zaryn, soloff,zaryn.soloff@discover.com,+1 (641) 574-3007
kyante, callais,kyante.callais@howtogeek.com,+1 (630) 198-6002
art, farms,art.farms@salesforce.com,+1 (702) 673-3740
rorie, boudreaux,rorie.boudreaux@seesaa.net,+1 (720) 807-6800
kiylen, error,kiylen.error@theladbible.com,+1 (415) 380-1537
pooya, kotha,pooya.kotha@playstation.com,+1 (936) 242-4767
ethynn, bussa,ethynn.bussa@google.com.eg,+1 (667) 617-4441
graedy, chughtai,graedy.chughtai@lacaixa.es,+1 (945) 311-3209
evaan, shareef,evaan.shareef@nydailynews.com,+1 (918) 444-5640
sandeep, ungerland,sandeep.ungerland@lequipe.fr,+1 (380) 614-4777
britney, reib,britney.reib@tutorialspoint.com,+1 (754) 833-5775
xaver, faiello,xaver.faiello@fedex.com,+1 (843) 718-1946
cordara, schlittler,cordara.schlittler@51yes.com,+1 (534) 235-4444
corneilous, massmann,corneilous.massmann@okezone.com,+1 (630) 441-4720
rishard, wollett,rishard.wollett@cntv.cn,+1 (831) 773-7345
waine, bunkelman,waine.bunkelman@nikkei.com,+1 (270) 293-1350
chazaray, siterlet,chazaray.siterlet@nydailynews.com,+1 (872) 675-8304
jagur, brine,jagur.brine@siteadvisor.com,+1 (315) 463-7323
zalaan, colantino,zalaan.colantino@mega.co.nz,+1 (517) 602-7436
bayan, kuhls,bayan.kuhls@nextdoor.com,+1 (571) 588-8017
quandarious, niceley,quandarious.niceley@softonic.com,+1 (414) 223-3611
najon, jojo,najon.jojo@spiegel.de,+1 (872) 451-4069
jorian, nicklien,jorian.nicklien@www.gov.uk,+1 (859) 942-4452
sotirios, kolacek,sotirios.kolacek@internethaber.com,+1 (847) 173-2421
raevon, neiser,raevon.neiser@adobe.com,+1 (619) 646-6883
trygg, lockrey,trygg.lockrey@change.org,+1 (215) 227-5107
parson, mandera,parson.mandera@nike.com,+1 (515) 147-1765
ahamad, medalion,ahamad.medalion@tutorialspoint.com,+1 (857) 795-9151
dyquan, huebler,dyquan.huebler@123movies.to,+1 (818) 107-4687
vyncent, vancleve,vyncent.vancleve@g2a.com,+1 (270) 745-5280
berkeley, boulerice,berkeley.boulerice@extratorrent.cc,+1 (316) 721-8433
jaxon-paul, cousin,jaxon-paul.cousin@pandora.com,+1 (940) 785-8574
jaqual, strulovitch,jaqual.strulovitch@twoo.com,+1 (564) 283-9439
latrelle, cubit,latrelle.cubit@clien.net,+1 (609) 620-8318
ritesh, mallmann,ritesh.mallmann@streamcloud.eu,+1 (850) 298-1808
arnab, goepfrich,arnab.goepfrich@basecamp.com,+1 (831) 172-7033
rexie, stirling,rexie.stirling@ouo.io,+1 (769) 240-9515
ocean, harrand,ocean.harrand@myfitnesspal.com,+1 (602) 813-5810
haroutyun, perticone,haroutyun.perticone@wikihow.com,+1 (956) 424-7904
donat, todhunter,donat.todhunter@goo.ne.jp,+1 (930) 390-3838
sokratis, birdsell,sokratis.birdsell@icloud.com,+1 (914) 777-4785
khirey, silberberg,khirey.silberberg@indianrail.gov.in,+1 (443) 668-6100
darim, tenemaza,darim.tenemaza@ptt.cc,+1 (414) 782-4905
tommy-leigh, schontz,tommy-leigh.schontz@taringa.net,+1 (520) 720-3600
diabolique, fawbush,diabolique.fawbush@redirectvoluum.com,+1 (667) 786-4129
banyan, jaeggi,banyan.jaeggi@cnzz.com,+1 (302) 268-1522
hardin, chirichiello,hardin.chirichiello@custhelp.com,+1 (254) 772-4022
huntley, turchan,huntley.turchan@novinky.cz,+1 (808) 751-4223
jontay, macmichael,jontay.macmichael@citibank.co.in,+1 (406) 882-7990
kesean, vangelderen,kesean.vangelderen@blastingnews.com,+1 (601) 210-5076
mateus, melies,mateus.melies@tradeadexchange.com,+1 (865) 236-6372
jevaun, cappo,jevaun.cappo@google.by,+1 (667) 545-1255
alden, verrue,alden.verrue@csgolounge.com,+1 (872) 873-4483
naman, bolk,naman.bolk@watsons.tmall.com,+1 (341) 112-1510
kwmane, olszewski,kwmane.olszewski@feedly.com,+1 (323) 889-2476
quadrevion, battleson,quadrevion.battleson@uploaded.net,+1 (363) 468-9040
gil, starling,gil.starling@sourceforge.net,+1 (301) 346-4076
ibukunoluwa, mables,ibukunoluwa.mables@youth.cn,+1 (515) 754-1502
oather, brisben,oather.brisben@blastingnews.com,+1 (754) 158-4468
airron, tremain,airron.tremain@panet.co.il,+1 (785) 483-5331
canden, patras,canden.patras@forbes.com,+1 (331) 190-2218
asser, sachs,asser.sachs@fbcdn.net,+1 (940) 715-5321
edner, volm,edner.volm@t.co,+1 (415) 295-4817
dishawn, sayger,dishawn.sayger@etsy.com,+1 (603) 777-8596
todderick, henretta,todderick.henretta@itmedia.co.jp,+1 (502) 682-9801
gram, lamano,gram.lamano@csgolounge.com,+1 (480) 304-8729
rainn, milavec,rainn.milavec@urdupoint.com,+1 (774) 372-3549
adyaan, hoogendoorn,adyaan.hoogendoorn@4shared.com,+1 (607) 691-1763
sashank, magnusen,sashank.magnusen@mobile.de,+1 (605) 909-2691
brevyn, moomau,brevyn.moomau@verizonwireless.com,+1 (925) 951-7086
taryl, kelstrom,taryl.kelstrom@people.com,+1 (407) 902-7600
duvid, aghajani,duvid.aghajani@hotels.com,+1 (308) 167-8520
kaire, goswick,kaire.goswick@zone-telechargement.com,+1 (270) 711-1137
haziel, scripp,haziel.scripp@priceline.com,+1 (989) 326-3086
abdul-baasit, slywka,abdul-baasit.slywka@blog-newstime.com,+1 (914) 936-5278
nyshon, novales,nyshon.novales@familydoctor.com.cn,+1 (606) 705-9607
rilwan, bius,rilwan.bius@ifeng.com,+1 (773) 369-2730
jasen, galanes,jasen.galanes@extratorrent.cc,+1 (463) 454-4811
kobin, laskoski,kobin.laskoski@ltn.com.tw,+1 (980) 207-7423
renesh, nerlinger,renesh.nerlinger@upwork.com,+1 (626) 720-8624
bayete, berken,bayete.berken@google.no,+1 (332) 580-6005
harrisen, makhija,harrisen.makhija@thisav.com,+1 (551) 123-2497
oluwatobi, lonneman,oluwatobi.lonneman@chinadaily.com.cn,+1 (310) 402-1512
kimm, anorve,kimm.anorve@milliyet.com.tr,+1 (616) 437-1153
jayelin, hermanek,jayelin.hermanek@g2a.com,+1 (812) 782-1386
eliazar, soule,eliazar.soule@olx.in,+1 (386) 155-8795
crisangel, jeney,crisangel.jeney@yjc.ir,+1 (720) 540-8316
amid, oyervidez,amid.oyervidez@kotaku.com,+1 (726) 349-4385
obai, braet,obai.braet@cocolog-nifty.com,+1 (904) 101-5668
clements, harges,clements.harges@softonic.com,+1 (364) 269-6301
hayden-james, balliet,hayden-james.balliet@acfun.tv,+1 (445) 681-3784
duilio, dobitz,duilio.dobitz@europa.eu,+1 (228) 375-4227
keito, partida,keito.partida@ameba.jp,+1 (865) 113-7758
broady, loden,broady.loden@mynet.com,+1 (531) 545-2688
estis, donaho,estis.donaho@tokopedia.com,+1 (331) 838-9870
johua, hagemann,johua.hagemann@offerhaus.link,+1 (210) 465-4051
axzel, beile,axzel.beile@clien.net,+1 (845) 545-9857
elyas, haspel,elyas.haspel@panda.tv,+1 (631) 665-9791
dalhart, fitzpatrick,dalhart.fitzpatrick@alicdn.com,+1 (616) 622-5599
ressie, kusano,ressie.kusano@usps.com,+1 (804) 496-2869
lakedrick, prost,lakedrick.prost@vporn.com,+1 (646) 872-6679
philmore, kraatz,philmore.kraatz@makemytrip.com,+1 (574) 930-1194
krzysztof, bennetsen,krzysztof.bennetsen@offerhaus.link,+1 (315) 277-1236
oritse, niksch,oritse.niksch@ytimg.com,+1 (406) 638-1375
joravar, weader,joravar.weader@huffingtonpost.com,+1 (719) 902-9306
sebert, garay,sebert.garay@merdeka.com,+1 (771) 289-9205
khyland, elsheimer,khyland.elsheimer@6pm.com,+1 (631) 900-7155
vail, neahring,vail.neahring@google.fr,+1 (701) 798-7563
tyquane, simplot,tyquane.simplot@trello.com,+1 (336) 623-8750
pirran, lardiere,pirran.lardiere@google.com.au,+1 (341) 108-2505
orvin, loht,orvin.loht@e-hentai.org,+1 (747) 831-7019
yazmani, zernechel,yazmani.zernechel@okcupid.com,+1 (726) 847-8247
rhuben, newmyer,rhuben.newmyer@geocities.jp,+1 (531) 900-7334
ertugrul, musha,ertugrul.musha@usbank.com,+1 (339) 909-1711
amaziah, mayard,amaziah.mayard@handycafe.com,+1 (607) 775-2113
ezelle, borrayo,ezelle.borrayo@makemytrip.com,+1 (305) 680-2853
kaysan, lapinskas,kaysan.lapinskas@google.com.sg,+1 (934) 450-3957
tieson, wojtaszek,tieson.wojtaszek@avg.com,+1 (210) 847-5910
vong, vallente,vong.vallente@fanfiction.net,+1 (973) 417-3795
latron, nesti,latron.nesti@investing.com,+1 (815) 580-1619
helam, killingworth,helam.killingworth@jd.com,+1 (765) 418-7900
lamell, kirchausen,lamell.kirchausen@india.com,+1 (938) 786-1144
lynal, lejeune,lynal.lejeune@google.dk,+1 (220) 775-5746
brndon, wisti,brndon.wisti@digikala.com,+1 (509) 144-1393
neptali, brecheisen,neptali.brecheisen@drive2.ru,+1 (719) 966-7594
ridhwaan, mcgarity,ridhwaan.mcgarity@panda.tv,+1 (863) 571-1433
zavi, yellowhorse,zavi.yellowhorse@tomshardware.com,+1 (839) 220-1527
nimesh, abelyan,nimesh.abelyan@stackoverflow.com,+1 (216) 370-2173
mahfouz, stanevich,mahfouz.stanevich@hotnewhiphop.com,+1 (857) 977-3067
jostyn, farquer,jostyn.farquer@bhphotovideo.com,+1 (619) 205-1207
